{"Records":[{"eventVersion":"1.09","userIdentity":{"type":"AssumedRole","principalId":"AROARSCCN4A34V23XHK6I:MySession","arn":"arn:aws:sts::107513503799:assumed-role/AdminRole/MySession","accountId":"107513503799","accessKeyId":"ASIARSCCN4A3QPI4OFEH","sessionContext":{"sessionIssuer":{"type":"Role","principalId":"AROARSCCN4A34V23XHK6I","arn":"arn:aws:iam::107513503799:role/AdminRole","accountId":"107513503799","userName":"AdminRole"},"attributes":{"creationDate":"2023-08-26T20:54:28Z","mfaAuthenticated":"false"}}},"eventTime":"2023-08-26T21:17:10Z","eventSource":"s3.amazonaws.com","eventName":"ListObjects","awsRegion":"us-east-1","sourceIPAddress":"84.32.71.125","userAgent":"[aws-cli/1.27.74 Python/3.10.6 Linux/5.15.90.1-microsoft-standard-WSL2 botocore/1.29.74]","requestParameters":{"list-type":"2","bucketName":"emergency-data-recovery","encoding-type":"url","prefix":"","delimiter":"/","Host":"emergency-data-recovery.s3.amazonaws.com"},"responseElements":null,"additionalEventData":{"SignatureVersion":"SigV4","CipherSuite":"ECDHE-RSA-AES128-GCM-SHA256","bytesTransferredIn":0,"AuthenticationMethod":"AuthHeader","x-amz-id-2":"//dla90asaB7sRZXTbuSQaG5rtOxviSf1SC3im/6LQTOhD3tFSZysFdofEMhU1gXkE3oiBH/nk8y5wVNluX0qRKkaxaQYEgh","bytesTransferredOut":519},"requestID":"QZMC2W6C8BGT1Y84","eventID":"368fb9a7-57a1-4575-be1a-49396544a363","readOnly":true,"resources":[{"type":"AWS::S3::Object","ARNPrefix":"arn:aws:s3:::emergency-data-recovery/"},{"accountId":"107513503799","type":"AWS::S3::Bucket","ARN":"arn:aws:s3:::emergency-data-recovery"}],"eventType":"AwsApiCall","managementEvent":false,"recipientAccountId":"107513503799","eventCategory":"Data","tlsDetails":{"tlsVersion":"TLSv1.2","cipherSuite":"ECDHE-RSA-AES128-GCM-SHA256","clientProvidedHostHeader":"emergency-data-recovery.s3.amazonaws.com"}},{"eventVersion":"1.09","userIdentity":{"type":"AssumedRole","principalId":"AROARSCCN4A34V23XHK6I:MySession","arn":"arn:aws:sts::107513503799:assumed-role/AdminRole/MySession","accountId":"107513503799","accessKeyId":"ASIARSCCN4A3QPI4OFEH","sessionContext":{"sessionIssuer":{"type":"Role","principalId":"AROARSCCN4A34V23XHK6I","arn":"arn:aws:iam::107513503799:role/AdminRole","accountId":"107513503799","userName":"AdminRole"},"attributes":{"creationDate":"2023-08-26T20:54:28Z","mfaAuthenticated":"false"}}},"eventTime":"2023-08-26T21:17:16Z","eventSource":"s3.amazonaws.com","eventName":"GetObject","awsRegion":"us-east-1","sourceIPAddress":"84.32.71.3","userAgent":"[aws-cli/1.27.74 Python/3.10.6 Linux/5.15.90.1-microsoft-standard-WSL2 botocore/1.29.74]","requestParameters":{"bucketName":"emergency-data-recovery","Host":"emergency-data-recovery.s3.amazonaws.com","key":"emergency.txt"},"responseElements":null,"additionalEventData":{"SignatureVersion":"SigV4","CipherSuite":"ECDHE-RSA-AES128-GCM-SHA256","bytesTransferredIn":0,"AuthenticationMethod":"AuthHeader","x-amz-id-2":"S5P/Qy7vR4w9Tkj9+88CH6XQHdklRydOgiAFpSxTIPCQCzltnXpZTr4Ud1fHIPtxSg5P752b+eQHvS7hDpK0JOMaGUBKyjyV","bytesTransferredOut":2232},"requestID":"W1FD9W8N56T5NYSS","eventID":"2c7763bf-100b-42dc-ba37-2937e5530ada","readOnly":true,"resources":[{"type":"AWS::S3::Object","ARN":"arn:aws:s3:::emergency-data-recovery/emergency.txt"},{"accountId":"107513503799","type":"AWS::S3::Bucket","ARN":"arn:aws:s3:::emergency-data-recovery"}],"eventType":"AwsApiCall","managementEvent":false,"recipientAccountId":"107513503799","eventCategory":"Data","tlsDetails":{"tlsVersion":"TLSv1.2","cipherSuite":"ECDHE-RSA-AES128-GCM-SHA256","clientProvidedHostHeader":"emergency-data-recovery.s3.amazonaws.com"}}]}