{"Records":[{"eventVersion":"1.09","userIdentity":{"type":"Root","principalId":"107513503799","arn":"arn:aws:iam::107513503799:root","accountId":"107513503799","accessKeyId":"ASIARSCCN4A33VLWYYVY","sessionContext":{"attributes":{"creationDate":"2023-08-26T18:45:20Z","mfaAuthenticated":"false"}}},"eventTime":"2023-08-26T20:28:18Z","eventSource":"s3.amazonaws.com","eventName":"ListBuckets","awsRegion":"us-east-1","sourceIPAddress":"84.32.71.11","userAgent":"[S3Console/0.4, aws-internal/3 aws-sdk-java/1.12.488 Linux/5.10.186-157.751.amzn2int.x86_64 OpenJDK_64-Bit_Server_VM/25.372-b08 java/1.8.0_372 vendor/Oracle_Corporation cfg/retry-mode/standard]","requestParameters":{"Host":"s3.amazonaws.com"},"responseElements":null,"additionalEventData":{"SignatureVersion":"SigV4","CipherSuite":"ECDHE-RSA-AES128-GCM-SHA256","bytesTransferredIn":0,"AuthenticationMethod":"AuthHeader","x-amz-id-2":"aqzjOzrdGucqBAOuIji6JiM5AS8jQ40rRJbxIq1Ua5B0udIhwylTP6qFSBlErA8cMtbhKv4tG8k=","bytesTransferredOut":703},"requestID":"3841E7ZF8K423SX7","eventID":"8c7b88e6-d902-4085-b9b6-a5d633513d43","readOnly":true,"eventType":"AwsApiCall","managementEvent":true,"recipientAccountId":"107513503799","vpcEndpointId":"vpce-f40dc59d","eventCategory":"Management","tlsDetails":{"tlsVersion":"TLSv1.2","cipherSuite":"ECDHE-RSA-AES128-GCM-SHA256","clientProvidedHostHeader":"s3.amazonaws.com"}},{"eventVersion":"1.09","userIdentity":{"type":"Root","principalId":"107513503799","arn":"arn:aws:iam::107513503799:root","accountId":"107513503799","accessKeyId":"ASIARSCCN4A3UGFO3WGQ","sessionContext":{"attributes":{"creationDate":"2023-08-26T18:45:20Z","mfaAuthenticated":"false"}}},"eventTime":"2023-08-26T20:28:19Z","eventSource":"s3.amazonaws.com","eventName":"GetStorageLensConfiguration","awsRegion":"us-east-1","sourceIPAddress":"10.70.103.34","userAgent":"[S3Console/0.4, aws-internal/3 aws-sdk-java/1.12.488 Linux/5.10.186-157.751.amzn2int.x86_64 OpenJDK_64-Bit_Server_VM/25.372-b08 java/1.8.0_372 vendor/Oracle_Corporation cfg/retry-mode/standard]","requestParameters":{"Host":"107513503799.s3-control.us-east-1.amazonaws.com"},"responseElements":null,"additionalEventData":{"SignatureVersion":"SigV4","CipherSuite":"ECDHE-RSA-AES128-GCM-SHA256","bytesTransferredIn":0,"AuthenticationMethod":"AuthHeader","x-amz-id-2":"l4IWTySRFImFR5Ri4dLvKSFa9SppkIzi0PbCcyOrfXUgnCrKwG1GmIIJAYmh+Ri6lgKBFnhKJJk=","bytesTransferredOut":375},"requestID":"NHTNVD5NN8Q48574","eventID":"212b440d-a20e-44cc-ae80-f463fad17598","readOnly":true,"eventType":"AwsApiCall","managementEvent":true,"recipientAccountId":"107513503799","vpcEndpointId":"vpce-f40dc59d","eventCategory":"Management","tlsDetails":{"tlsVersion":"TLSv1.2","cipherSuite":"ECDHE-RSA-AES128-GCM-SHA256","clientProvidedHostHeader":"107513503799.s3-control.us-east-1.amazonaws.com"}},{"eventVersion":"1.09","userIdentity":{"type":"Root","principalId":"107513503799","arn":"arn:aws:iam::107513503799:root","accountId":"107513503799","accessKeyId":"ASIARSCCN4A3U5SQQYMD","sessionContext":{"attributes":{"creationDate":"2023-08-26T18:45:20Z","mfaAuthenticated":"false"}}},"eventTime":"2023-08-26T20:28:24Z","eventSource":"s3.amazonaws.com","eventName":"ListAccessPoints","awsRegion":"us-east-1","sourceIPAddress":"84.32.71.11","userAgent":"[S3Console/0.4, aws-internal/3 aws-sdk-java/1.12.488 Linux/5.10.186-157.751.amzn2int.x86_64 OpenJDK_64-Bit_Server_VM/25.372-b08 java/1.8.0_372 vendor/Oracle_Corporation cfg/retry-mode/standard]","requestParameters":{"bucket":"iam-enum","Host":"107513503799.s3-control.us-east-1.amazonaws.com","maxResults":"1"},"responseElements":null,"additionalEventData":{"SignatureVersion":"SigV4","CipherSuite":"ECDHE-RSA-AES128-GCM-SHA256","bytesTransferredIn":0,"AuthenticationMethod":"AuthHeader","x-amz-id-2":"py4GNvPb8lF2ysk93hwCBFvcDyNNVCYLndzF4haAM9exRm8ns/9Hg8ww9dX8m/LsnHJfMyiMGjbwPYrOOPqPRQ==","bytesTransferredOut":72},"requestID":"KYDG6ZWG9FB64GK7","eventID":"331cd520-13ab-45fb-9b27-aea5347ccc0e","readOnly":true,"eventType":"AwsApiCall","managementEvent":true,"recipientAccountId":"107513503799","vpcEndpointId":"vpce-f40dc59d","eventCategory":"Management","tlsDetails":{"tlsVersion":"TLSv1.2","cipherSuite":"ECDHE-RSA-AES128-GCM-SHA256","clientProvidedHostHeader":"107513503799.s3-control.us-east-1.amazonaws.com"}},{"eventVersion":"1.09","userIdentity":{"type":"Root","principalId":"107513503799","arn":"arn:aws:iam::107513503799:root","accountId":"107513503799","accessKeyId":"ASIARSCCN4A3U5SQQYMD","sessionContext":{"attributes":{"creationDate":"2023-08-26T18:45:20Z","mfaAuthenticated":"false"}}},"eventTime":"2023-08-26T20:28:24Z","eventSource":"s3.amazonaws.com","eventName":"ListAccessPoints","awsRegion":"us-east-1","sourceIPAddress":"84.32.71.11","userAgent":"[S3Console/0.4, aws-internal/3 aws-sdk-java/1.12.488 Linux/5.10.186-157.751.amzn2int.x86_64 OpenJDK_64-Bit_Server_VM/25.372-b08 java/1.8.0_372 vendor/Oracle_Corporation cfg/retry-mode/standard]","requestParameters":{"bucket":"mega-big-tech","Host":"107513503799.s3-control.us-east-1.amazonaws.com","maxResults":"1"},"responseElements":null,"additionalEventData":{"SignatureVersion":"SigV4","CipherSuite":"ECDHE-RSA-AES128-GCM-SHA256","bytesTransferredIn":0,"AuthenticationMethod":"AuthHeader","x-amz-id-2":"WG0ka9tgZRYSMbl5wvABZkZOCsWRlcw0482e51bdodFqGIkpTH11Nv6u5e6t5me/eeBgiwsa5a/FbLkddt3UmQ==","bytesTransferredOut":72},"requestID":"KYDS79H960E4FQ6S","eventID":"9525e60c-d2d4-4791-b572-441e3df5ef94","readOnly":true,"eventType":"AwsApiCall","managementEvent":true,"recipientAccountId":"107513503799","vpcEndpointId":"vpce-f40dc59d","eventCategory":"Management","tlsDetails":{"tlsVersion":"TLSv1.2","cipherSuite":"ECDHE-RSA-AES128-GCM-SHA256","clientProvidedHostHeader":"107513503799.s3-control.us-east-1.amazonaws.com"}},{"eventVersion":"1.09","userIdentity":{"type":"Root","principalId":"107513503799","arn":"arn:aws:iam::107513503799:root","accountId":"107513503799","accessKeyId":"ASIARSCCN4A3U5SQQYMD","sessionContext":{"attributes":{"creationDate":"2023-08-26T18:45:20Z","mfaAuthenticated":"false"}}},"eventTime":"2023-08-26T20:28:24Z","eventSource":"s3.amazonaws.com","eventName":"GetBucketPublicAccessBlock","awsRegion":"us-east-1","sourceIPAddress":"84.32.71.11","userAgent":"[S3Console/0.4, aws-internal/3 aws-sdk-java/1.12.488 Linux/5.10.186-157.751.amzn2int.x86_64 OpenJDK_64-Bit_Server_VM/25.372-b08 java/1.8.0_372 vendor/Oracle_Corporation cfg/retry-mode/standard]","requestParameters":{"publicAccessBlock":"","bucketName":"mega-big-tech","Host":"mega-big-tech.s3.us-east-1.amazonaws.com"},"responseElements":null,"additionalEventData":{"SignatureVersion":"SigV4","CipherSuite":"ECDHE-RSA-AES128-GCM-SHA256","bytesTransferredIn":0,"AuthenticationMethod":"AuthHeader","x-amz-id-2":"rVhqaWitq9UP82W4z0wiA3CQMeOUjfzkRqMmq6clMKsnKv/rKW+c2GdfXudzKIQONLXs/AroaXw=","bytesTransferredOut":330},"requestID":"KYDKMGCFATZ33V74","eventID":"9ad36b51-83be-4a36-8c8f-2a9deb7c19cf","readOnly":true,"resources":[{"accountId":"107513503799","type":"AWS::S3::Bucket","ARN":"arn:aws:s3:::mega-big-tech"}],"eventType":"AwsApiCall","managementEvent":true,"recipientAccountId":"107513503799","vpcEndpointId":"vpce-f40dc59d","eventCategory":"Management","tlsDetails":{"tlsVersion":"TLSv1.2","cipherSuite":"ECDHE-RSA-AES128-GCM-SHA256","clientProvidedHostHeader":"mega-big-tech.s3.us-east-1.amazonaws.com"}},{"eventVersion":"1.09","userIdentity":{"type":"Root","principalId":"107513503799","arn":"arn:aws:iam::107513503799:root","accountId":"107513503799","accessKeyId":"ASIARSCCN4A3U5SQQYMD","sessionContext":{"attributes":{"creationDate":"2023-08-26T18:45:20Z","mfaAuthenticated":"false"}}},"eventTime":"2023-08-26T20:28:24Z","eventSource":"s3.amazonaws.com","eventName":"GetBucketAcl","awsRegion":"us-east-1","sourceIPAddress":"84.32.71.11","userAgent":"[S3Console/0.4, aws-internal/3 aws-sdk-java/1.12.488 Linux/5.10.186-157.751.amzn2int.x86_64 OpenJDK_64-Bit_Server_VM/25.372-b08 java/1.8.0_372 vendor/Oracle_Corporation cfg/retry-mode/standard]","requestParameters":{"bucketName":"mega-big-tech","Host":"mega-big-tech.s3.us-east-1.amazonaws.com","acl":""},"responseElements":null,"additionalEventData":{"SignatureVersion":"SigV4","CipherSuite":"ECDHE-RSA-AES128-GCM-SHA256","bytesTransferredIn":0,"AuthenticationMethod":"AuthHeader","x-amz-id-2":"Hu57HUkmf0JSFJzesANIUkwwLjUQjQ1fW9bVTjOdUX3jzEMoyBJGLZ9z4vTrpVNTATnllJjGiOE=","bytesTransferredOut":960},"requestID":"KYDKH07ENEVVQ63T","eventID":"2c39afaa-698d-4738-80a6-7584e9c9407a","readOnly":true,"resources":[{"accountId":"107513503799","type":"AWS::S3::Bucket","ARN":"arn:aws:s3:::mega-big-tech"}],"eventType":"AwsApiCall","managementEvent":true,"recipientAccountId":"107513503799","vpcEndpointId":"vpce-f40dc59d","eventCategory":"Management","tlsDetails":{"tlsVersion":"TLSv1.2","cipherSuite":"ECDHE-RSA-AES128-GCM-SHA256","clientProvidedHostHeader":"mega-big-tech.s3.us-east-1.amazonaws.com"}},{"eventVersion":"1.09","userIdentity":{"type":"Root","principalId":"107513503799","arn":"arn:aws:iam::107513503799:root","accountId":"107513503799","accessKeyId":"ASIARSCCN4A3U5SQQYMD","sessionContext":{"attributes":{"creationDate":"2023-08-26T18:45:20Z","mfaAuthenticated":"false"}}},"eventTime":"2023-08-26T20:28:24Z","eventSource":"s3.amazonaws.com","eventName":"GetBucketPolicyStatus","awsRegion":"us-east-1","sourceIPAddress":"84.32.71.11","userAgent":"[S3Console/0.4, aws-internal/3 aws-sdk-java/1.12.488 Linux/5.10.186-157.751.amzn2int.x86_64 OpenJDK_64-Bit_Server_VM/25.372-b08 java/1.8.0_372 vendor/Oracle_Corporation cfg/retry-mode/standard]","errorCode":"NoSuchBucketPolicy","errorMessage":"The bucket policy does not exist","requestParameters":{"bucketName":"mega-big-tech","Host":"mega-big-tech.s3.us-east-1.amazonaws.com","policyStatus":""},"responseElements":null,"additionalEventData":{"SignatureVersion":"SigV4","CipherSuite":"ECDHE-RSA-AES128-GCM-SHA256","bytesTransferredIn":0,"AuthenticationMethod":"AuthHeader","x-amz-id-2":"KPhoXrEcqHK5/nWWMvH+qX9SGLdKhRlHgGZEcyWy/4NoAF5GD1wHlldmt36AmKD9wNyFgHsTYmA=","bytesTransferredOut":306},"requestID":"KYDXKXH8NWHYV8JH","eventID":"aa33f591-125d-4043-a11b-3d9482909972","readOnly":true,"resources":[{"accountId":"107513503799","type":"AWS::S3::Bucket","ARN":"arn:aws:s3:::mega-big-tech"}],"eventType":"AwsApiCall","managementEvent":true,"recipientAccountId":"107513503799","vpcEndpointId":"vpce-f40dc59d","eventCategory":"Management","tlsDetails":{"tlsVersion":"TLSv1.2","cipherSuite":"ECDHE-RSA-AES128-GCM-SHA256","clientProvidedHostHeader":"mega-big-tech.s3.us-east-1.amazonaws.com"}},{"eventVersion":"1.09","userIdentity":{"type":"Root","principalId":"107513503799","arn":"arn:aws:iam::107513503799:root","accountId":"107513503799","accessKeyId":"ASIARSCCN4A3U5SQQYMD","sessionContext":{"attributes":{"creationDate":"2023-08-26T18:45:20Z","mfaAuthenticated":"false"}}},"eventTime":"2023-08-26T20:28:24Z","eventSource":"s3.amazonaws.com","eventName":"GetBucketPublicAccessBlock","awsRegion":"us-east-1","sourceIPAddress":"84.32.71.11","userAgent":"[S3Console/0.4, aws-internal/3 aws-sdk-java/1.12.488 Linux/5.10.186-157.751.amzn2int.x86_64 OpenJDK_64-Bit_Server_VM/25.372-b08 java/1.8.0_372 vendor/Oracle_Corporation cfg/retry-mode/standard]","requestParameters":{"publicAccessBlock":"","bucketName":"emergency-data-recovery","Host":"emergency-data-recovery.s3.us-east-1.amazonaws.com"},"responseElements":null,"additionalEventData":{"SignatureVersion":"SigV4","CipherSuite":"ECDHE-RSA-AES128-GCM-SHA256","bytesTransferredIn":0,"AuthenticationMethod":"AuthHeader","x-amz-id-2":"dle6YmiZQftnDkFY7PChgNrNKGURWqavaGu5lSAsiurqoSMXEL9eIW4z9P5AxXdNEoAKfY6pYA4=","bytesTransferredOut":326},"requestID":"KYDHYDNJHSC967G1","eventID":"9c27be2b-fc91-4894-8dd5-b59e47530a20","readOnly":true,"resources":[{"accountId":"107513503799","type":"AWS::S3::Bucket","ARN":"arn:aws:s3:::emergency-data-recovery"}],"eventType":"AwsApiCall","managementEvent":true,"recipientAccountId":"107513503799","vpcEndpointId":"vpce-f40dc59d","eventCategory":"Management","tlsDetails":{"tlsVersion":"TLSv1.2","cipherSuite":"ECDHE-RSA-AES128-GCM-SHA256","clientProvidedHostHeader":"emergency-data-recovery.s3.us-east-1.amazonaws.com"}},{"eventVersion":"1.09","userIdentity":{"type":"Root","principalId":"107513503799","arn":"arn:aws:iam::107513503799:root","accountId":"107513503799","accessKeyId":"ASIARSCCN4A3U5SQQYMD","sessionContext":{"attributes":{"creationDate":"2023-08-26T18:45:20Z","mfaAuthenticated":"false"}}},"eventTime":"2023-08-26T20:28:24Z","eventSource":"s3.amazonaws.com","eventName":"GetBucketAcl","awsRegion":"us-east-1","sourceIPAddress":"84.32.71.11","userAgent":"[S3Console/0.4, aws-internal/3 aws-sdk-java/1.12.488 Linux/5.10.186-157.751.amzn2int.x86_64 OpenJDK_64-Bit_Server_VM/25.372-b08 java/1.8.0_372 vendor/Oracle_Corporation cfg/retry-mode/standard]","requestParameters":{"bucketName":"emergency-data-recovery","Host":"emergency-data-recovery.s3.us-east-1.amazonaws.com","acl":""},"responseElements":null,"additionalEventData":{"SignatureVersion":"SigV4","CipherSuite":"ECDHE-RSA-AES128-GCM-SHA256","bytesTransferredIn":0,"AuthenticationMethod":"AuthHeader","x-amz-id-2":"E89f7fI3QIZFoyc5vCsg+xc4AnkNB2AR+Gc0euJQMBNa00F4vINeniiLhzSeDhg+G06Jc81hOg8=","bytesTransferredOut":566},"requestID":"KYDXTGRGFD5S97VB","eventID":"eb31205a-2ece-439c-a0bf-1c495075b0fe","readOnly":true,"resources":[{"accountId":"107513503799","type":"AWS::S3::Bucket","ARN":"arn:aws:s3:::emergency-data-recovery"}],"eventType":"AwsApiCall","managementEvent":true,"recipientAccountId":"107513503799","vpcEndpointId":"vpce-f40dc59d","eventCategory":"Management","tlsDetails":{"tlsVersion":"TLSv1.2","cipherSuite":"ECDHE-RSA-AES128-GCM-SHA256","clientProvidedHostHeader":"emergency-data-recovery.s3.us-east-1.amazonaws.com"}},{"eventVersion":"1.09","userIdentity":{"type":"Root","principalId":"107513503799","arn":"arn:aws:iam::107513503799:root","accountId":"107513503799","accessKeyId":"ASIARSCCN4A3U5SQQYMD","sessionContext":{"attributes":{"creationDate":"2023-08-26T18:45:20Z","mfaAuthenticated":"false"}}},"eventTime":"2023-08-26T20:28:24Z","eventSource":"s3.amazonaws.com","eventName":"GetBucketPolicyStatus","awsRegion":"us-east-1","sourceIPAddress":"84.32.71.11","userAgent":"[S3Console/0.4, aws-internal/3 aws-sdk-java/1.12.488 Linux/5.10.186-157.751.amzn2int.x86_64 OpenJDK_64-Bit_Server_VM/25.372-b08 java/1.8.0_372 vendor/Oracle_Corporation cfg/retry-mode/standard]","requestParameters":{"bucketName":"emergency-data-recovery","Host":"emergency-data-recovery.s3.us-east-1.amazonaws.com","policyStatus":""},"responseElements":null,"additionalEventData":{"SignatureVersion":"SigV4","CipherSuite":"ECDHE-RSA-AES128-GCM-SHA256","bytesTransferredIn":0,"AuthenticationMethod":"AuthHeader","x-amz-id-2":"eW6ScOQuRmeMgoMy9LhlwaloJtjX0lJlptFE4ftlFecqr3v4zrnV3qoXW8wvvk5gGdNlZw67uTQ=","bytesTransferredOut":142},"requestID":"KYDJ3ACM2WR0P0NN","eventID":"87ffa634-30e3-45af-a84a-06f34a111fc8","readOnly":true,"resources":[{"accountId":"107513503799","type":"AWS::S3::Bucket","ARN":"arn:aws:s3:::emergency-data-recovery"}],"eventType":"AwsApiCall","managementEvent":true,"recipientAccountId":"107513503799","vpcEndpointId":"vpce-f40dc59d","eventCategory":"Management","tlsDetails":{"tlsVersion":"TLSv1.2","cipherSuite":"ECDHE-RSA-AES128-GCM-SHA256","clientProvidedHostHeader":"emergency-data-recovery.s3.us-east-1.amazonaws.com"}},{"eventVersion":"1.09","userIdentity":{"type":"Root","principalId":"107513503799","arn":"arn:aws:iam::107513503799:root","accountId":"107513503799","accessKeyId":"ASIARSCCN4A3U5SQQYMD","sessionContext":{"attributes":{"creationDate":"2023-08-26T18:45:20Z","mfaAuthenticated":"false"}}},"eventTime":"2023-08-26T20:28:24Z","eventSource":"s3.amazonaws.com","eventName":"GetBucketPolicyStatus","awsRegion":"us-east-1","sourceIPAddress":"84.32.71.11","userAgent":"[S3Console/0.4, aws-internal/3 aws-sdk-java/1.12.488 Linux/5.10.186-157.751.amzn2int.x86_64 OpenJDK_64-Bit_Server_VM/25.372-b08 java/1.8.0_372 vendor/Oracle_Corporation cfg/retry-mode/standard]","requestParameters":{"bucketName":"iam-enum","Host":"iam-enum.s3.us-east-1.amazonaws.com","policyStatus":""},"responseElements":null,"additionalEventData":{"SignatureVersion":"SigV4","CipherSuite":"ECDHE-RSA-AES128-GCM-SHA256","bytesTransferredIn":0,"AuthenticationMethod":"AuthHeader","x-amz-id-2":"tGEO4e1XX5lQglRrIK/HMAgHV7x3SvLOAeq9obBus8r2RG7k+5TxiH9+V3u7oTjI9HXAkwTqVAc=","bytesTransferredOut":142},"requestID":"KYDV3XTYVBT2TEJX","eventID":"08103b87-d775-4d2e-8de7-17a17c066b07","readOnly":true,"resources":[{"accountId":"107513503799","type":"AWS::S3::Bucket","ARN":"arn:aws:s3:::iam-enum"}],"eventType":"AwsApiCall","managementEvent":true,"recipientAccountId":"107513503799","vpcEndpointId":"vpce-f40dc59d","eventCategory":"Management","tlsDetails":{"tlsVersion":"TLSv1.2","cipherSuite":"ECDHE-RSA-AES128-GCM-SHA256","clientProvidedHostHeader":"iam-enum.s3.us-east-1.amazonaws.com"}},{"eventVersion":"1.09","userIdentity":{"type":"Root","principalId":"107513503799","arn":"arn:aws:iam::107513503799:root","accountId":"107513503799","accessKeyId":"ASIARSCCN4A3U5SQQYMD","sessionContext":{"attributes":{"creationDate":"2023-08-26T18:45:20Z","mfaAuthenticated":"false"}}},"eventTime":"2023-08-26T20:28:24Z","eventSource":"s3.amazonaws.com","eventName":"GetBucketPublicAccessBlock","awsRegion":"us-east-1","sourceIPAddress":"84.32.71.11","userAgent":"[S3Console/0.4, aws-internal/3 aws-sdk-java/1.12.488 Linux/5.10.186-157.751.amzn2int.x86_64 OpenJDK_64-Bit_Server_VM/25.372-b08 java/1.8.0_372 vendor/Oracle_Corporation cfg/retry-mode/standard]","requestParameters":{"publicAccessBlock":"","bucketName":"iam-enum","Host":"iam-enum.s3.us-east-1.amazonaws.com"},"responseElements":null,"additionalEventData":{"SignatureVersion":"SigV4","CipherSuite":"ECDHE-RSA-AES128-GCM-SHA256","bytesTransferredIn":0,"AuthenticationMethod":"AuthHeader","x-amz-id-2":"NEmViB5gk8fhkLfjEnoUKuz6dg5VHJJKWRyNggVpXmufUa+D1WMR4OVSGrV+uHTNQB0CNLmCsCo=","bytesTransferredOut":326},"requestID":"KYDJMY7AV7H2Y3TR","eventID":"1e1fe857-2366-46e5-bef3-b741cc9d4563","readOnly":true,"resources":[{"accountId":"107513503799","type":"AWS::S3::Bucket","ARN":"arn:aws:s3:::iam-enum"}],"eventType":"AwsApiCall","managementEvent":true,"recipientAccountId":"107513503799","vpcEndpointId":"vpce-f40dc59d","eventCategory":"Management","tlsDetails":{"tlsVersion":"TLSv1.2","cipherSuite":"ECDHE-RSA-AES128-GCM-SHA256","clientProvidedHostHeader":"iam-enum.s3.us-east-1.amazonaws.com"}},{"eventVersion":"1.09","userIdentity":{"type":"Root","principalId":"107513503799","arn":"arn:aws:iam::107513503799:root","accountId":"107513503799","accessKeyId":"ASIARSCCN4A3U5SQQYMD","sessionContext":{"attributes":{"creationDate":"2023-08-26T18:45:20Z","mfaAuthenticated":"false"}}},"eventTime":"2023-08-26T20:28:24Z","eventSource":"s3.amazonaws.com","eventName":"GetBucketAcl","awsRegion":"us-east-1","sourceIPAddress":"84.32.71.11","userAgent":"[S3Console/0.4, aws-internal/3 aws-sdk-java/1.12.488 Linux/5.10.186-157.751.amzn2int.x86_64 OpenJDK_64-Bit_Server_VM/25.372-b08 java/1.8.0_372 vendor/Oracle_Corporation cfg/retry-mode/standard]","requestParameters":{"bucketName":"iam-enum","Host":"iam-enum.s3.us-east-1.amazonaws.com","acl":""},"responseElements":null,"additionalEventData":{"SignatureVersion":"SigV4","CipherSuite":"ECDHE-RSA-AES128-GCM-SHA256","bytesTransferredIn":0,"AuthenticationMethod":"AuthHeader","x-amz-id-2":"5uahhBtZ4oYz+n5O3xPj1n7L+6EktgpxdrEbO0v1eBxQjFWAfqW+pdcehCkECg2xcGMGRrgMtRQ=","bytesTransferredOut":566},"requestID":"KYDQCNWJEMS1RQVX","eventID":"e4bf4195-1820-436f-8195-020d9ac015ad","readOnly":true,"resources":[{"accountId":"107513503799","type":"AWS::S3::Bucket","ARN":"arn:aws:s3:::iam-enum"}],"eventType":"AwsApiCall","managementEvent":true,"recipientAccountId":"107513503799","vpcEndpointId":"vpce-f40dc59d","eventCategory":"Management","tlsDetails":{"tlsVersion":"TLSv1.2","cipherSuite":"ECDHE-RSA-AES128-GCM-SHA256","clientProvidedHostHeader":"iam-enum.s3.us-east-1.amazonaws.com"}},{"eventVersion":"1.09","userIdentity":{"type":"Root","principalId":"107513503799","arn":"arn:aws:iam::107513503799:root","accountId":"107513503799","accessKeyId":"ASIARSCCN4A3U5SQQYMD","sessionContext":{"attributes":{"creationDate":"2023-08-26T18:45:20Z","mfaAuthenticated":"false"}}},"eventTime":"2023-08-26T20:28:24Z","eventSource":"s3.amazonaws.com","eventName":"ListAccessPoints","awsRegion":"us-east-1","sourceIPAddress":"84.32.71.11","userAgent":"[S3Console/0.4, aws-internal/3 aws-sdk-java/1.12.488 Linux/5.10.186-157.751.amzn2int.x86_64 OpenJDK_64-Bit_Server_VM/25.372-b08 java/1.8.0_372 vendor/Oracle_Corporation cfg/retry-mode/standard]","requestParameters":{"bucket":"emergency-data-recovery","Host":"107513503799.s3-control.us-east-1.amazonaws.com","maxResults":"1"},"responseElements":null,"additionalEventData":{"SignatureVersion":"SigV4","CipherSuite":"ECDHE-RSA-AES128-GCM-SHA256","bytesTransferredIn":0,"AuthenticationMethod":"AuthHeader","x-amz-id-2":"Jjcmm/9UaY1kQNkZT8DOHsk8j7R5GARvTYuU/h+Vjn6hdIvzi4lsq5LNGBCxI7Q3cc/GNjAJAKjhOGZ1x/Klgw==","bytesTransferredOut":72},"requestID":"KYDY7PX5BKYGWC8P","eventID":"8c9ebdf1-843e-4c23-ba60-3091fc978cd2","readOnly":true,"eventType":"AwsApiCall","managementEvent":true,"recipientAccountId":"107513503799","vpcEndpointId":"vpce-f40dc59d","eventCategory":"Management","tlsDetails":{"tlsVersion":"TLSv1.2","cipherSuite":"ECDHE-RSA-AES128-GCM-SHA256","clientProvidedHostHeader":"107513503799.s3-control.us-east-1.amazonaws.com"}},{"eventVersion":"1.09","userIdentity":{"type":"Root","principalId":"107513503799","arn":"arn:aws:iam::107513503799:root","accountId":"107513503799","accessKeyId":"ASIARSCCN4A3U5SQQYMD","sessionContext":{"attributes":{"creationDate":"2023-08-26T18:45:20Z","mfaAuthenticated":"false"}}},"eventTime":"2023-08-26T20:28:24Z","eventSource":"s3.amazonaws.com","eventName":"GetAccountPublicAccessBlock","awsRegion":"us-east-1","sourceIPAddress":"84.32.71.11","userAgent":"[S3Console/0.4, aws-internal/3 aws-sdk-java/1.12.488 Linux/5.10.186-157.751.amzn2int.x86_64 OpenJDK_64-Bit_Server_VM/25.372-b08 java/1.8.0_372 vendor/Oracle_Corporation cfg/retry-mode/standard]","errorCode":"NoSuchPublicAccessBlockConfiguration","errorMessage":"The public access block configuration was not found","requestParameters":{"Host":"107513503799.s3-control.us-east-1.amazonaws.com"},"responseElements":null,"additionalEventData":{"SignatureVersion":"SigV4","CipherSuite":"ECDHE-RSA-AES128-GCM-SHA256","bytesTransferredIn":0,"AuthenticationMethod":"AuthHeader","x-amz-id-2":"jIJpzGU9Efgo/iopIRbBlAlxjG3o9AmFxVVSSVroFCYdi2dOOzqxjAbQCyEQOccfReJGVpE5s0H/QHh5nB1g7Q==","bytesTransferredOut":383},"requestID":"KYDKYYMM9AGEHQ97","eventID":"58d85e77-049e-4206-a36d-004493f1f74c","readOnly":true,"eventType":"AwsApiCall","managementEvent":true,"recipientAccountId":"107513503799","vpcEndpointId":"vpce-f40dc59d","eventCategory":"Management","tlsDetails":{"tlsVersion":"TLSv1.2","cipherSuite":"ECDHE-RSA-AES128-GCM-SHA256","clientProvidedHostHeader":"107513503799.s3-control.us-east-1.amazonaws.com"}},{"eventVersion":"1.08","userIdentity":{"type":"Root","principalId":"107513503799","arn":"arn:aws:iam::107513503799:root","accountId":"107513503799","accessKeyId":"ASIARSCCN4A32V7RKKX6","sessionContext":{"sessionIssuer":{},"webIdFederationData":{},"attributes":{"creationDate":"2023-08-26T18:45:20Z","mfaAuthenticated":"false"}},"invokedBy":"health.amazonaws.com"},"eventTime":"2023-08-26T20:28:27Z","eventSource":"health.amazonaws.com","eventName":"DescribeEventAggregates","awsRegion":"us-east-1","sourceIPAddress":"health.amazonaws.com","userAgent":"AWS Internal","requestParameters":{"filter":{"startTimes":[{"from":"Aug 19, 2023, 8:28:27 PM"}],"eventStatusCodes":["open","upcoming"]},"aggregateField":"eventTypeCategory"},"responseElements":null,"requestID":"013d45ce-5d74-4603-9bce-3b620c531d3c","eventID":"76fdd086-509b-44e6-a893-9c1ce3528eb4","readOnly":true,"eventType":"AwsApiCall","managementEvent":true,"recipientAccountId":"107513503799","eventCategory":"Management","sessionCredentialFromConsole":"true"},{"eventVersion":"1.08","userIdentity":{"type":"Root","principalId":"107513503799","arn":"arn:aws:iam::107513503799:root","accountId":"107513503799","accessKeyId":"ASIARSCCN4A3ZOPN5QN4","sessionContext":{"sessionIssuer":{},"webIdFederationData":{},"attributes":{"creationDate":"2023-08-26T18:45:20Z","mfaAuthenticated":"false"}}},"eventTime":"2023-08-26T20:28:25Z","eventSource":"notifications.amazonaws.com","eventName":"ListNotificationHubs","awsRegion":"us-east-1","sourceIPAddress":"84.32.71.8","userAgent":"Mozilla/5.0 (Windows NT 10.0; Win64; x64) AppleWebKit/537.36 (KHTML, like Gecko) Chrome/116.0.0.0 Safari/537.36","requestParameters":null,"responseElements":null,"requestID":"6378cd63-3ce0-4d1d-a001-214d00a52d69","eventID":"92477eda-8d9c-43b7-867b-8ec4379875ef","readOnly":true,"eventType":"AwsApiCall","managementEvent":true,"recipientAccountId":"107513503799","eventCategory":"Management"},{"eventVersion":"1.08","userIdentity":{"type":"Root","principalId":"107513503799","arn":"arn:aws:iam::107513503799:root","accountId":"107513503799","accessKeyId":"ASIARSCCN4A3US3Q5TNB","sessionContext":{"sessionIssuer":{},"webIdFederationData":{},"attributes":{"creationDate":"2023-08-26T18:45:20Z","mfaAuthenticated":"false"}}},"eventTime":"2023-08-26T20:28:27Z","eventSource":"health.amazonaws.com","eventName":"DescribeEventAggregates","awsRegion":"us-east-1","sourceIPAddress":"84.32.71.30","userAgent":"AWS Internal","requestParameters":{"aggregateField":"eventTypeCategory","filter":{"eventStatusCodes":["open","upcoming"],"startTimes":[{"from":"Aug 19, 2023 8:28:27 PM"}]}},"responseElements":null,"requestID":"013d45ce-5d74-4603-9bce-3b620c531d3c","eventID":"ebc3a7e7-3000-46d5-bf1b-542abf9dabde","readOnly":true,"eventType":"AwsApiCall","managementEvent":true,"recipientAccountId":"107513503799","eventCategory":"Management","sessionCredentialFromConsole":"true"},{"eventVersion":"1.08","userIdentity":{"type":"IAMUser","principalId":"AIDARSCCN4A3X2YWZ37ZI","arn":"arn:aws:iam::107513503799:user/temp-user","accountId":"107513503799","accessKeyId":"AKIARSCCN4A3WD4RO4P4","userName":"temp-user"},"eventTime":"2023-08-26T20:29:37Z","eventSource":"sts.amazonaws.com","eventName":"GetCallerIdentity","awsRegion":"us-east-1","sourceIPAddress":"84.32.71.19","userAgent":"aws-cli/1.27.74 Python/3.10.6 Linux/5.15.90.1-microsoft-standard-WSL2 botocore/1.29.74","requestParameters":null,"responseElements":null,"requestID":"3db296ab-c531-4b4a-a468-e1b05ec83246","eventID":"ea6ae4b8-aae8-4fca-a495-2df427bdce46","readOnly":true,"eventType":"AwsApiCall","managementEvent":true,"recipientAccountId":"107513503799","eventCategory":"Management","tlsDetails":{"tlsVersion":"TLSv1.2","cipherSuite":"ECDHE-RSA-AES128-GCM-SHA256","clientProvidedHostHeader":"sts.amazonaws.com"}},{"eventVersion":"1.08","userIdentity":{"type":"Root","principalId":"107513503799","arn":"arn:aws:iam::107513503799:root","accountId":"107513503799","accessKeyId":"ASIARSCCN4A34LC6MFWG","sessionContext":{"sessionIssuer":{},"webIdFederationData":{},"attributes":{"creationDate":"2023-08-26T18:45:20Z","mfaAuthenticated":"false"}}},"eventTime":"2023-08-26T20:30:05Z","eventSource":"organizations.amazonaws.com","eventName":"DescribeOrganization","awsRegion":"us-east-1","sourceIPAddress":"84.32.71.24","userAgent":"Mozilla/5.0 (Windows NT 10.0; Win64; x64) AppleWebKit/537.36 (KHTML, like Gecko) Chrome/116.0.0.0 Safari/537.36","requestParameters":null,"responseElements":null,"requestID":"c84ae6db-88e6-48da-ad48-5cee7455b731","eventID":"7fcd2504-0a14-47ea-b16c-aa344dd4e786","readOnly":true,"eventType":"AwsApiCall","managementEvent":true,"recipientAccountId":"107513503799","eventCategory":"Management","tlsDetails":{"tlsVersion":"TLSv1.3","cipherSuite":"TLS_AES_128_GCM_SHA256","clientProvidedHostHeader":"organizations.us-east-1.amazonaws.com"},"sessionCredentialFromConsole":"true"},{"eventVersion":"1.08","userIdentity":{"type":"Root","principalId":"107513503799","arn":"arn:aws:iam::107513503799:root","accountId":"107513503799","accessKeyId":"ASIARSCCN4A34LC6MFWG","sessionContext":{"sessionIssuer":{},"webIdFederationData":{},"attributes":{"creationDate":"2023-08-26T18:45:20Z","mfaAuthenticated":"false"}}},"eventTime":"2023-08-26T20:30:05Z","eventSource":"organizations.amazonaws.com","eventName":"ListDelegatedAdministrators","awsRegion":"us-east-1","sourceIPAddress":"84.32.71.36","userAgent":"Mozilla/5.0 (Windows NT 10.0; Win64; x64) AppleWebKit/537.36 (KHTML, like Gecko) Chrome/116.0.0.0 Safari/537.36","errorCode":"AccessDenied","errorMessage":"User: arn:aws:iam::107513503799:root is not authorized to perform: organizations:ListDelegatedAdministrators on resource: * because no resource-based policy allows the organizations:ListDelegatedAdministrators action","requestParameters":null,"responseElements":null,"requestID":"aa322cbd-e252-4aeb-b487-dff760dfe955","eventID":"68ae037e-cb86-4174-bc15-b6aadc6f327b","readOnly":true,"eventType":"AwsApiCall","managementEvent":true,"recipientAccountId":"107513503799","eventCategory":"Management","tlsDetails":{"tlsVersion":"TLSv1.3","cipherSuite":"TLS_AES_128_GCM_SHA256","clientProvidedHostHeader":"organizations.us-east-1.amazonaws.com"},"sessionCredentialFromConsole":"true"},{"eventVersion":"1.08","userIdentity":{"type":"Root","principalId":"107513503799","arn":"arn:aws:iam::107513503799:root","accountId":"107513503799","accessKeyId":"ASIARSCCN4A3VCLCMICY","sessionContext":{"sessionIssuer":{},"webIdFederationData":{},"attributes":{"creationDate":"2023-08-26T18:45:20Z","mfaAuthenticated":"false"}}},"eventTime":"2023-08-26T20:30:15Z","eventSource":"organizations.amazonaws.com","eventName":"ListDelegatedAdministrators","awsRegion":"us-east-1","sourceIPAddress":"84.32.71.40","userAgent":"AWS Internal","errorCode":"AccessDenied","errorMessage":"User: arn:aws:iam::107513503799:root is not authorized to perform: organizations:ListDelegatedAdministrators on resource: * because no resource-based policy allows the organizations:ListDelegatedAdministrators action","requestParameters":null,"responseElements":null,"requestID":"05dd4284-6c1a-488a-8936-12d5329c9e16","eventID":"f0daa3e8-a98e-4876-b8c9-954d25e80445","readOnly":true,"eventType":"AwsApiCall","managementEvent":true,"recipientAccountId":"107513503799","eventCategory":"Management","sessionCredentialFromConsole":"true"},{"eventVersion":"1.08","userIdentity":{"type":"Root","principalId":"107513503799","arn":"arn:aws:iam::107513503799:root","accountId":"107513503799","accessKeyId":"ASIARSCCN4A35JJTVQPE","sessionContext":{"sessionIssuer":{},"webIdFederationData":{},"attributes":{"creationDate":"2023-08-26T18:45:20Z","mfaAuthenticated":"false"}}},"eventTime":"2023-08-26T20:30:08Z","eventSource":"notifications.amazonaws.com","eventName":"ListNotificationHubs","awsRegion":"us-east-1","sourceIPAddress":"84.32.71.8","userAgent":"Mozilla/5.0 (Windows NT 10.0; Win64; x64) AppleWebKit/537.36 (KHTML, like Gecko) Chrome/116.0.0.0 Safari/537.36","requestParameters":null,"responseElements":null,"requestID":"26520fd2-a08a-4df9-b328-d13418514795","eventID":"a5df3987-de85-4ee6-ad65-0e313363a3bf","readOnly":true,"eventType":"AwsApiCall","managementEvent":true,"recipientAccountId":"107513503799","eventCategory":"Management"},{"eventVersion":"1.08","userIdentity":{"type":"Root","principalId":"107513503799","arn":"arn:aws:iam::107513503799:root","accountId":"107513503799","accessKeyId":"ASIARSCCN4A3VCLCMICY","sessionContext":{"sessionIssuer":{},"webIdFederationData":{},"attributes":{"creationDate":"2023-08-26T18:45:20Z","mfaAuthenticated":"false"}}},"eventTime":"2023-08-26T20:30:15Z","eventSource":"organizations.amazonaws.com","eventName":"DescribeOrganization","awsRegion":"us-east-1","sourceIPAddress":"84.32.71.40","userAgent":"AWS Internal","requestParameters":null,"responseElements":null,"requestID":"9b7512b2-f35b-4ef3-a94e-a7386a2717af","eventID":"53cdfc78-3040-4343-abaf-e07db0641fe2","readOnly":true,"eventType":"AwsApiCall","managementEvent":true,"recipientAccountId":"107513503799","eventCategory":"Management","sessionCredentialFromConsole":"true"},{"eventVersion":"1.08","userIdentity":{"type":"Root","principalId":"107513503799","arn":"arn:aws:iam::107513503799:root","accountId":"107513503799","accessKeyId":"ASIARSCCN4A3ZMG42VNX","sessionContext":{"sessionIssuer":{},"webIdFederationData":{},"attributes":{"creationDate":"2023-08-26T18:45:20Z","mfaAuthenticated":"false"}}},"eventTime":"2023-08-26T20:30:10Z","eventSource":"health.amazonaws.com","eventName":"DescribeEventAggregates","awsRegion":"us-east-1","sourceIPAddress":"84.32.71.40","userAgent":"AWS Internal","requestParameters":{"aggregateField":"eventTypeCategory","filter":{"eventStatusCodes":["open","upcoming"],"startTimes":[{"from":"Aug 19, 2023 8:30:09 PM"}]}},"responseElements":null,"requestID":"b93fac59-7759-4275-a35f-e16bcb73c216","eventID":"067d4111-2ebb-4996-80b4-44a62592e2ce","readOnly":true,"eventType":"AwsApiCall","managementEvent":true,"recipientAccountId":"107513503799","eventCategory":"Management","sessionCredentialFromConsole":"true"},{"eventVersion":"1.08","userIdentity":{"type":"Root","principalId":"107513503799","arn":"arn:aws:iam::107513503799:root","accountId":"107513503799","accessKeyId":"ASIARSCCN4A37WVE7WIY","sessionContext":{"sessionIssuer":{},"webIdFederationData":{},"attributes":{"creationDate":"2023-08-26T18:45:20Z","mfaAuthenticated":"false"}},"invokedBy":"health.amazonaws.com"},"eventTime":"2023-08-26T20:30:10Z","eventSource":"health.amazonaws.com","eventName":"DescribeEventAggregates","awsRegion":"us-east-1","sourceIPAddress":"health.amazonaws.com","userAgent":"AWS Internal","requestParameters":{"filter":{"startTimes":[{"from":"Aug 19, 2023, 8:30:09 PM"}],"eventStatusCodes":["open","upcoming"]},"aggregateField":"eventTypeCategory"},"responseElements":null,"requestID":"b93fac59-7759-4275-a35f-e16bcb73c216","eventID":"792ae4e2-dce4-4175-894e-e1a2afddec90","readOnly":true,"eventType":"AwsApiCall","managementEvent":true,"recipientAccountId":"107513503799","eventCategory":"Management","sessionCredentialFromConsole":"true"},{"eventVersion":"1.08","userIdentity":{"type":"Root","principalId":"107513503799","arn":"arn:aws:iam::107513503799:root","accountId":"107513503799","accessKeyId":"ASIARSCCN4A3URMYLF7Y","sessionContext":{"sessionIssuer":{},"webIdFederationData":{},"attributes":{"creationDate":"2023-08-26T18:45:20Z","mfaAuthenticated":"false"}}},"eventTime":"2023-08-26T20:30:18Z","eventSource":"notifications.amazonaws.com","eventName":"ListNotificationHubs","awsRegion":"us-east-1","sourceIPAddress":"84.32.71.8","userAgent":"Mozilla/5.0 (Windows NT 10.0; Win64; x64) AppleWebKit/537.36 (KHTML, like Gecko) Chrome/116.0.0.0 Safari/537.36","requestParameters":null,"responseElements":null,"requestID":"6cf1e3ab-d709-4b40-a3fd-28289c5bd71e","eventID":"92dece1a-038a-421a-b9ae-4d52e7bcb2a9","readOnly":true,"eventType":"AwsApiCall","managementEvent":true,"recipientAccountId":"107513503799","eventCategory":"Management"},{"eventVersion":"1.08","userIdentity":{"type":"Root","principalId":"107513503799","arn":"arn:aws:iam::107513503799:root","accountId":"107513503799","accessKeyId":"ASIARSCCN4A3VHRU3DFG","sessionContext":{"sessionIssuer":{},"webIdFederationData":{},"attributes":{"creationDate":"2023-08-26T18:45:20Z","mfaAuthenticated":"false"}},"invokedBy":"health.amazonaws.com"},"eventTime":"2023-08-26T20:30:19Z","eventSource":"health.amazonaws.com","eventName":"DescribeEventAggregates","awsRegion":"us-east-1","sourceIPAddress":"health.amazonaws.com","userAgent":"AWS Internal","requestParameters":{"filter":{"startTimes":[{"from":"Aug 19, 2023, 8:30:19 PM"}],"eventStatusCodes":["open","upcoming"]},"aggregateField":"eventTypeCategory"},"responseElements":null,"requestID":"e3d10010-2b3b-4821-8b6f-6c083b65ac26","eventID":"9a20c95c-f01f-4737-8d1b-5b4b9a654dc2","readOnly":true,"eventType":"AwsApiCall","managementEvent":true,"recipientAccountId":"107513503799","eventCategory":"Management","sessionCredentialFromConsole":"true"},{"eventVersion":"1.08","userIdentity":{"type":"Root","principalId":"107513503799","arn":"arn:aws:iam::107513503799:root","accountId":"107513503799","accessKeyId":"ASIARSCCN4A3ZMG42VNX","sessionContext":{"sessionIssuer":{},"webIdFederationData":{},"attributes":{"creationDate":"2023-08-26T18:45:20Z","mfaAuthenticated":"false"}}},"eventTime":"2023-08-26T20:30:19Z","eventSource":"health.amazonaws.com","eventName":"DescribeEventAggregates","awsRegion":"us-east-1","sourceIPAddress":"84.32.71.40","userAgent":"AWS Internal","requestParameters":{"aggregateField":"eventTypeCategory","filter":{"eventStatusCodes":["open","upcoming"],"startTimes":[{"from":"Aug 19, 2023 8:30:19 PM"}]}},"responseElements":null,"requestID":"d8232bde-0988-46c1-8b52-e9f0435feb7c","eventID":"de576c34-1f68-4a3b-9944-fd27e735d893","readOnly":true,"eventType":"AwsApiCall","managementEvent":true,"recipientAccountId":"107513503799","eventCategory":"Management","sessionCredentialFromConsole":"true"},{"eventVersion":"1.08","userIdentity":{"type":"Root","principalId":"107513503799","arn":"arn:aws:iam::107513503799:root","accountId":"107513503799","accessKeyId":"ASIARSCCN4A3ZMG42VNX","sessionContext":{"sessionIssuer":{},"webIdFederationData":{},"attributes":{"creationDate":"2023-08-26T18:45:20Z","mfaAuthenticated":"false"}}},"eventTime":"2023-08-26T20:30:19Z","eventSource":"health.amazonaws.com","eventName":"DescribeEventAggregates","awsRegion":"us-east-1","sourceIPAddress":"84.32.71.40","userAgent":"AWS Internal","requestParameters":{"aggregateField":"eventTypeCategory","filter":{"eventStatusCodes":["open","upcoming"],"startTimes":[{"from":"Aug 19, 2023 8:30:19 PM"}]}},"responseElements":null,"requestID":"e3d10010-2b3b-4821-8b6f-6c083b65ac26","eventID":"61888b17-828f-47be-9c76-fb7333d267b1","readOnly":true,"eventType":"AwsApiCall","managementEvent":true,"recipientAccountId":"107513503799","eventCategory":"Management","sessionCredentialFromConsole":"true"},{"eventVersion":"1.08","userIdentity":{"type":"Root","principalId":"107513503799","arn":"arn:aws:iam::107513503799:root","accountId":"107513503799","accessKeyId":"ASIARSCCN4A35RP2PC2E","sessionContext":{"sessionIssuer":{},"webIdFederationData":{},"attributes":{"creationDate":"2023-08-26T18:45:20Z","mfaAuthenticated":"false"}}},"eventTime":"2023-08-26T20:30:34Z","eventSource":"organizations.amazonaws.com","eventName":"DescribeOrganization","awsRegion":"us-east-1","sourceIPAddress":"84.32.71.24","userAgent":"Mozilla/5.0 (Windows NT 10.0; Win64; x64) AppleWebKit/537.36 (KHTML, like Gecko) Chrome/116.0.0.0 Safari/537.36","requestParameters":null,"responseElements":null,"requestID":"dcd44fa8-9cae-4b16-9b4a-1a116756b514","eventID":"b6b553b0-5b27-4eb9-9ed3-f250795afa29","readOnly":true,"eventType":"AwsApiCall","managementEvent":true,"recipientAccountId":"107513503799","eventCategory":"Management","tlsDetails":{"tlsVersion":"TLSv1.3","cipherSuite":"TLS_AES_128_GCM_SHA256","clientProvidedHostHeader":"organizations.us-east-1.amazonaws.com"},"sessionCredentialFromConsole":"true"},{"eventVersion":"1.08","userIdentity":{"type":"Root","principalId":"107513503799","arn":"arn:aws:iam::107513503799:root","accountId":"107513503799","accessKeyId":"ASIARSCCN4A35RP2PC2E","sessionContext":{"sessionIssuer":{},"webIdFederationData":{},"attributes":{"creationDate":"2023-08-26T18:45:20Z","mfaAuthenticated":"false"}}},"eventTime":"2023-08-26T20:30:34Z","eventSource":"organizations.amazonaws.com","eventName":"ListDelegatedAdministrators","awsRegion":"us-east-1","sourceIPAddress":"84.32.71.24","userAgent":"Mozilla/5.0 (Windows NT 10.0; Win64; x64) AppleWebKit/537.36 (KHTML, like Gecko) Chrome/116.0.0.0 Safari/537.36","errorCode":"AccessDenied","errorMessage":"User: arn:aws:iam::107513503799:root is not authorized to perform: organizations:ListDelegatedAdministrators on resource: * because no resource-based policy allows the organizations:ListDelegatedAdministrators action","requestParameters":null,"responseElements":null,"requestID":"f64fb668-ca72-4924-8623-ef998e1e5970","eventID":"04ca5537-01e4-43e3-91fd-2b6fa93479c8","readOnly":true,"eventType":"AwsApiCall","managementEvent":true,"recipientAccountId":"107513503799","eventCategory":"Management","tlsDetails":{"tlsVersion":"TLSv1.3","cipherSuite":"TLS_AES_128_GCM_SHA256","clientProvidedHostHeader":"organizations.us-east-1.amazonaws.com"},"sessionCredentialFromConsole":"true"},{"eventVersion":"1.08","userIdentity":{"type":"Root","principalId":"107513503799","arn":"arn:aws:iam::107513503799:root","accountId":"107513503799","accessKeyId":"ASIARSCCN4A35JJTVQPE","sessionContext":{"sessionIssuer":{},"webIdFederationData":{},"attributes":{"creationDate":"2023-08-26T18:45:20Z","mfaAuthenticated":"false"}}},"eventTime":"2023-08-26T20:30:36Z","eventSource":"notifications.amazonaws.com","eventName":"ListNotificationHubs","awsRegion":"us-east-1","sourceIPAddress":"84.32.71.8","userAgent":"Mozilla/5.0 (Windows NT 10.0; Win64; x64) AppleWebKit/537.36 (KHTML, like Gecko) Chrome/116.0.0.0 Safari/537.36","requestParameters":null,"responseElements":null,"requestID":"2216e501-13a9-48d2-8ae5-e8c6694efe86","eventID":"9787faef-116d-4f30-9cfc-9e25bc0efc3a","readOnly":true,"eventType":"AwsApiCall","managementEvent":true,"recipientAccountId":"107513503799","eventCategory":"Management"},{"eventVersion":"1.08","userIdentity":{"type":"Root","principalId":"107513503799","arn":"arn:aws:iam::107513503799:root","accountId":"107513503799","accessKeyId":"ASIARSCCN4A3VHRU3DFG","sessionContext":{"sessionIssuer":{},"webIdFederationData":{},"attributes":{"creationDate":"2023-08-26T18:45:20Z","mfaAuthenticated":"false"}},"invokedBy":"health.amazonaws.com"},"eventTime":"2023-08-26T20:30:19Z","eventSource":"health.amazonaws.com","eventName":"DescribeEventAggregates","awsRegion":"us-east-1","sourceIPAddress":"health.amazonaws.com","userAgent":"AWS Internal","requestParameters":{"filter":{"startTimes":[{"from":"Aug 19, 2023, 8:30:19 PM"}],"eventStatusCodes":["open","upcoming"]},"aggregateField":"eventTypeCategory"},"responseElements":null,"requestID":"d8232bde-0988-46c1-8b52-e9f0435feb7c","eventID":"9b5b7b29-41cf-423f-ac00-60165ba2be14","readOnly":true,"eventType":"AwsApiCall","managementEvent":true,"recipientAccountId":"107513503799","eventCategory":"Management","sessionCredentialFromConsole":"true"},{"eventVersion":"1.08","userIdentity":{"type":"Root","principalId":"107513503799","arn":"arn:aws:iam::107513503799:root","accountId":"107513503799","accessKeyId":"ASIARSCCN4A35RP2PC2E","sessionContext":{"sessionIssuer":{},"webIdFederationData":{},"attributes":{"creationDate":"2023-08-26T18:45:20Z","mfaAuthenticated":"false"}}},"eventTime":"2023-08-26T20:30:45Z","eventSource":"iam.amazonaws.com","eventName":"ListRoles","awsRegion":"us-east-1","sourceIPAddress":"84.32.71.7","userAgent":"Mozilla/5.0 (Windows NT 10.0; Win64; x64) AppleWebKit/537.36 (KHTML, like Gecko) Chrome/116.0.0.0 Safari/537.36","requestParameters":null,"responseElements":null,"requestID":"a4fd0c01-41f8-46fa-ae2b-84305e96bfe7","eventID":"6cdb85d4-daf2-4197-a5ff-72492b225f77","readOnly":true,"eventType":"AwsApiCall","managementEvent":true,"recipientAccountId":"107513503799","eventCategory":"Management","tlsDetails":{"tlsVersion":"TLSv1.2","cipherSuite":"ECDHE-RSA-AES128-GCM-SHA256","clientProvidedHostHeader":"iamadmin.amazonaws.com"},"sessionCredentialFromConsole":"true"},{"eventVersion":"1.08","userIdentity":{"type":"Root","principalId":"107513503799","arn":"arn:aws:iam::107513503799:root","accountId":"107513503799","accessKeyId":"ASIARSCCN4A3WCTTPLH4","sessionContext":{"sessionIssuer":{},"webIdFederationData":{},"attributes":{"creationDate":"2023-08-26T18:45:20Z","mfaAuthenticated":"false"}},"invokedBy":"health.amazonaws.com"},"eventTime":"2023-08-26T20:30:37Z","eventSource":"health.amazonaws.com","eventName":"DescribeEventAggregates","awsRegion":"us-east-1","sourceIPAddress":"health.amazonaws.com","userAgent":"AWS Internal","requestParameters":{"filter":{"startTimes":[{"from":"Aug 19, 2023, 8:30:37 PM"}],"eventStatusCodes":["open","upcoming"]},"aggregateField":"eventTypeCategory"},"responseElements":null,"requestID":"dbecc875-9b3b-4eb4-9093-8fdd9aedbf9f","eventID":"24161aaa-c003-4d4a-ad27-a09cc464e9ca","readOnly":true,"eventType":"AwsApiCall","managementEvent":true,"recipientAccountId":"107513503799","eventCategory":"Management","sessionCredentialFromConsole":"true"},{"eventVersion":"1.08","userIdentity":{"type":"Root","principalId":"107513503799","arn":"arn:aws:iam::107513503799:root","accountId":"107513503799","accessKeyId":"ASIARSCCN4A3ZMG42VNX","sessionContext":{"sessionIssuer":{},"webIdFederationData":{},"attributes":{"creationDate":"2023-08-26T18:45:20Z","mfaAuthenticated":"false"}}},"eventTime":"2023-08-26T20:30:37Z","eventSource":"health.amazonaws.com","eventName":"DescribeEventAggregates","awsRegion":"us-east-1","sourceIPAddress":"84.32.71.40","userAgent":"AWS Internal","requestParameters":{"aggregateField":"eventTypeCategory","filter":{"eventStatusCodes":["open","upcoming"],"startTimes":[{"from":"Aug 19, 2023 8:30:37 PM"}]}},"responseElements":null,"requestID":"dbecc875-9b3b-4eb4-9093-8fdd9aedbf9f","eventID":"66c8a3e8-74c9-4631-b996-11de05f17f6f","readOnly":true,"eventType":"AwsApiCall","managementEvent":true,"recipientAccountId":"107513503799","eventCategory":"Management","sessionCredentialFromConsole":"true"},{"eventVersion":"1.08","userIdentity":{"type":"Root","principalId":"107513503799","arn":"arn:aws:iam::107513503799:root","accountId":"107513503799","accessKeyId":"ASIARSCCN4A3VCLCMICY","sessionContext":{"sessionIssuer":{},"webIdFederationData":{},"attributes":{"creationDate":"2023-08-26T18:45:20Z","mfaAuthenticated":"false"}}},"eventTime":"2023-08-26T20:31:12Z","eventSource":"organizations.amazonaws.com","eventName":"ListDelegatedAdministrators","awsRegion":"us-east-1","sourceIPAddress":"84.32.71.40","userAgent":"AWS Internal","errorCode":"AccessDenied","errorMessage":"User: arn:aws:iam::107513503799:root is not authorized to perform: organizations:ListDelegatedAdministrators on resource: * because no resource-based policy allows the organizations:ListDelegatedAdministrators action","requestParameters":null,"responseElements":null,"requestID":"3aac9bd4-27c1-4914-85ff-a3182005e776","eventID":"856d5316-ebb4-4dbb-a2b4-b3275f06c919","readOnly":true,"eventType":"AwsApiCall","managementEvent":true,"recipientAccountId":"107513503799","eventCategory":"Management","sessionCredentialFromConsole":"true"},{"eventVersion":"1.08","userIdentity":{"type":"Root","principalId":"107513503799","arn":"arn:aws:iam::107513503799:root","accountId":"107513503799","accessKeyId":"ASIARSCCN4A3VCLCMICY","sessionContext":{"sessionIssuer":{},"webIdFederationData":{},"attributes":{"creationDate":"2023-08-26T18:45:20Z","mfaAuthenticated":"false"}}},"eventTime":"2023-08-26T20:31:12Z","eventSource":"organizations.amazonaws.com","eventName":"DescribeOrganization","awsRegion":"us-east-1","sourceIPAddress":"84.32.71.40","userAgent":"AWS Internal","requestParameters":null,"responseElements":null,"requestID":"a67e1553-edac-42d9-b289-f23c1d1d6a3f","eventID":"aa2fba12-3bc3-4125-9204-a0a5b75eea46","readOnly":true,"eventType":"AwsApiCall","managementEvent":true,"recipientAccountId":"107513503799","eventCategory":"Management","sessionCredentialFromConsole":"true"},{"eventVersion":"1.08","userIdentity":{"type":"Root","principalId":"107513503799","arn":"arn:aws:iam::107513503799:root","accountId":"107513503799","accessKeyId":"ASIARSCCN4A3ZMG42VNX","sessionContext":{"sessionIssuer":{},"webIdFederationData":{},"attributes":{"creationDate":"2023-08-26T18:45:20Z","mfaAuthenticated":"false"}}},"eventTime":"2023-08-26T20:31:17Z","eventSource":"health.amazonaws.com","eventName":"DescribeEventAggregates","awsRegion":"us-east-1","sourceIPAddress":"84.32.71.40","userAgent":"AWS Internal","requestParameters":{"aggregateField":"eventTypeCategory","filter":{"eventStatusCodes":["open","upcoming"],"startTimes":[{"from":"Aug 19, 2023 8:31:17 PM"}]}},"responseElements":null,"requestID":"b2bf035a-7720-46e7-b352-09f3bfd47a20","eventID":"51e4e2b6-1656-4826-b66b-b24bcc847bf4","readOnly":true,"eventType":"AwsApiCall","managementEvent":true,"recipientAccountId":"107513503799","eventCategory":"Management","sessionCredentialFromConsole":"true"},{"eventVersion":"1.08","userIdentity":{"type":"Root","principalId":"107513503799","arn":"arn:aws:iam::107513503799:root","accountId":"107513503799","accessKeyId":"ASIARSCCN4A3URMYLF7Y","sessionContext":{"sessionIssuer":{},"webIdFederationData":{},"attributes":{"creationDate":"2023-08-26T18:45:20Z","mfaAuthenticated":"false"}}},"eventTime":"2023-08-26T20:31:16Z","eventSource":"notifications.amazonaws.com","eventName":"ListNotificationHubs","awsRegion":"us-east-1","sourceIPAddress":"84.32.71.8","userAgent":"Mozilla/5.0 (Windows NT 10.0; Win64; x64) AppleWebKit/537.36 (KHTML, like Gecko) Chrome/116.0.0.0 Safari/537.36","requestParameters":null,"responseElements":null,"requestID":"40b81f4e-f944-45c3-b3f4-45d34d71355f","eventID":"66019149-bba5-42eb-8dbd-da6793ada0d0","readOnly":true,"eventType":"AwsApiCall","managementEvent":true,"recipientAccountId":"107513503799","eventCategory":"Management"},{"eventVersion":"1.08","userIdentity":{"type":"Root","principalId":"107513503799","arn":"arn:aws:iam::107513503799:root","accountId":"107513503799","accessKeyId":"ASIARSCCN4A3Q7LFW3F3","sessionContext":{"sessionIssuer":{},"webIdFederationData":{},"attributes":{"creationDate":"2023-08-26T18:45:20Z","mfaAuthenticated":"false"}},"invokedBy":"health.amazonaws.com"},"eventTime":"2023-08-26T20:31:17Z","eventSource":"health.amazonaws.com","eventName":"DescribeEventAggregates","awsRegion":"us-east-1","sourceIPAddress":"health.amazonaws.com","userAgent":"AWS Internal","requestParameters":{"filter":{"startTimes":[{"from":"Aug 19, 2023, 8:31:17 PM"}],"eventStatusCodes":["open","upcoming"]},"aggregateField":"eventTypeCategory"},"responseElements":null,"requestID":"b2bf035a-7720-46e7-b352-09f3bfd47a20","eventID":"60c532bd-abed-4435-a104-ca3f52e248de","readOnly":true,"eventType":"AwsApiCall","managementEvent":true,"recipientAccountId":"107513503799","eventCategory":"Management","sessionCredentialFromConsole":"true"},{"eventVersion":"1.08","userIdentity":{"type":"Root","principalId":"107513503799","arn":"arn:aws:iam::107513503799:root","accountId":"107513503799","accessKeyId":"ASIARSCCN4A34XAQAG4A","sessionContext":{"sessionIssuer":{},"webIdFederationData":{},"attributes":{"creationDate":"2023-08-26T18:45:20Z","mfaAuthenticated":"false"}}},"eventTime":"2023-08-26T20:31:44Z","eventSource":"organizations.amazonaws.com","eventName":"DescribeOrganization","awsRegion":"us-east-1","sourceIPAddress":"84.32.71.49","userAgent":"Mozilla/5.0 (Windows NT 10.0; Win64; x64) AppleWebKit/537.36 (KHTML, like Gecko) Chrome/116.0.0.0 Safari/537.36","requestParameters":null,"responseElements":null,"requestID":"26777e49-3625-4651-b658-97c4cee330ec","eventID":"5ed48336-1774-4e58-b881-c5389f6b9439","readOnly":true,"eventType":"AwsApiCall","managementEvent":true,"recipientAccountId":"107513503799","eventCategory":"Management","tlsDetails":{"tlsVersion":"TLSv1.3","cipherSuite":"TLS_AES_128_GCM_SHA256","clientProvidedHostHeader":"organizations.us-east-1.amazonaws.com"},"sessionCredentialFromConsole":"true"},{"eventVersion":"1.08","userIdentity":{"type":"Root","principalId":"107513503799","arn":"arn:aws:iam::107513503799:root","accountId":"107513503799","accessKeyId":"ASIARSCCN4A3VCLCMICY","sessionContext":{"sessionIssuer":{},"webIdFederationData":{},"attributes":{"creationDate":"2023-08-26T18:45:20Z","mfaAuthenticated":"false"}}},"eventTime":"2023-08-26T20:31:49Z","eventSource":"organizations.amazonaws.com","eventName":"DescribeOrganization","awsRegion":"us-east-1","sourceIPAddress":"84.32.71.40","userAgent":"AWS Internal","requestParameters":null,"responseElements":null,"requestID":"e12524ff-dc6c-4c36-809c-bd028f68de87","eventID":"93c3dafe-b172-46b2-8d32-ce6dacda12aa","readOnly":true,"eventType":"AwsApiCall","managementEvent":true,"recipientAccountId":"107513503799","eventCategory":"Management","sessionCredentialFromConsole":"true"},{"eventVersion":"1.08","userIdentity":{"type":"Root","principalId":"107513503799","arn":"arn:aws:iam::107513503799:root","accountId":"107513503799","accessKeyId":"ASIARSCCN4A3VCLCMICY","sessionContext":{"sessionIssuer":{},"webIdFederationData":{},"attributes":{"creationDate":"2023-08-26T18:45:20Z","mfaAuthenticated":"false"}}},"eventTime":"2023-08-26T20:31:49Z","eventSource":"organizations.amazonaws.com","eventName":"ListDelegatedAdministrators","awsRegion":"us-east-1","sourceIPAddress":"84.32.71.40","userAgent":"AWS Internal","errorCode":"AccessDenied","errorMessage":"User: arn:aws:iam::107513503799:root is not authorized to perform: organizations:ListDelegatedAdministrators on resource: * because no resource-based policy allows the organizations:ListDelegatedAdministrators action","requestParameters":null,"responseElements":null,"requestID":"0a07881e-6563-49a8-aa0c-e3e7af2d7a45","eventID":"3534e27e-16b1-4f1c-a336-5233a57c8f59","readOnly":true,"eventType":"AwsApiCall","managementEvent":true,"recipientAccountId":"107513503799","eventCategory":"Management","sessionCredentialFromConsole":"true"},{"eventVersion":"1.08","userIdentity":{"type":"Root","principalId":"107513503799","arn":"arn:aws:iam::107513503799:root","accountId":"107513503799","accessKeyId":"ASIARSCCN4A34XAQAG4A","sessionContext":{"sessionIssuer":{},"webIdFederationData":{},"attributes":{"creationDate":"2023-08-26T18:45:20Z","mfaAuthenticated":"false"}}},"eventTime":"2023-08-26T20:31:44Z","eventSource":"organizations.amazonaws.com","eventName":"ListDelegatedAdministrators","awsRegion":"us-east-1","sourceIPAddress":"84.32.71.15","userAgent":"Mozilla/5.0 (Windows NT 10.0; Win64; x64) AppleWebKit/537.36 (KHTML, like Gecko) Chrome/116.0.0.0 Safari/537.36","errorCode":"AccessDenied","errorMessage":"User: arn:aws:iam::107513503799:root is not authorized to perform: organizations:ListDelegatedAdministrators on resource: * because no resource-based policy allows the organizations:ListDelegatedAdministrators action","requestParameters":null,"responseElements":null,"requestID":"a3763163-0668-48da-8987-37b33439c2ac","eventID":"748fafab-8b68-4fe5-9081-9936082e815f","readOnly":true,"eventType":"AwsApiCall","managementEvent":true,"recipientAccountId":"107513503799","eventCategory":"Management","tlsDetails":{"tlsVersion":"TLSv1.3","cipherSuite":"TLS_AES_128_GCM_SHA256","clientProvidedHostHeader":"organizations.us-east-1.amazonaws.com"},"sessionCredentialFromConsole":"true"},{"eventVersion":"1.08","userIdentity":{"type":"Root","principalId":"107513503799","arn":"arn:aws:iam::107513503799:root","accountId":"107513503799","accessKeyId":"ASIARSCCN4A37HWGBDCE","sessionContext":{"sessionIssuer":{},"webIdFederationData":{},"attributes":{"creationDate":"2023-08-26T18:45:20Z","mfaAuthenticated":"false"}},"invokedBy":"health.amazonaws.com"},"eventTime":"2023-08-26T20:31:54Z","eventSource":"health.amazonaws.com","eventName":"DescribeEventAggregates","awsRegion":"us-east-1","sourceIPAddress":"health.amazonaws.com","userAgent":"AWS Internal","requestParameters":{"filter":{"startTimes":[{"from":"Aug 19, 2023, 8:31:54 PM"}],"eventStatusCodes":["open","upcoming"]},"aggregateField":"eventTypeCategory"},"responseElements":null,"requestID":"55bdd40d-6420-4f0f-a1c8-862cef3e36b1","eventID":"c61c0015-2f10-4a16-bdbf-a3e54b8c8028","readOnly":true,"eventType":"AwsApiCall","managementEvent":true,"recipientAccountId":"107513503799","eventCategory":"Management","sessionCredentialFromConsole":"true"},{"eventVersion":"1.08","userIdentity":{"type":"Root","principalId":"107513503799","arn":"arn:aws:iam::107513503799:root","accountId":"107513503799","accessKeyId":"ASIARSCCN4A3ZMG42VNX","sessionContext":{"sessionIssuer":{},"webIdFederationData":{},"attributes":{"creationDate":"2023-08-26T18:45:20Z","mfaAuthenticated":"false"}}},"eventTime":"2023-08-26T20:31:47Z","eventSource":"health.amazonaws.com","eventName":"DescribeEventAggregates","awsRegion":"us-east-1","sourceIPAddress":"84.32.71.40","userAgent":"AWS Internal","requestParameters":{"aggregateField":"eventTypeCategory","filter":{"eventStatusCodes":["open","upcoming"],"startTimes":[{"from":"Aug 19, 2023 8:31:47 PM"}]}},"responseElements":null,"requestID":"5228ef98-7ce9-4a99-8f40-2b4b598bd3c5","eventID":"fd4c05bb-d77b-4f40-8be8-f262db1e9a7c","readOnly":true,"eventType":"AwsApiCall","managementEvent":true,"recipientAccountId":"107513503799","eventCategory":"Management","sessionCredentialFromConsole":"true"},{"eventVersion":"1.08","userIdentity":{"type":"Root","principalId":"107513503799","arn":"arn:aws:iam::107513503799:root","accountId":"107513503799","accessKeyId":"ASIARSCCN4A3VIDEC5UI","sessionContext":{"sessionIssuer":{},"webIdFederationData":{},"attributes":{"creationDate":"2023-08-26T18:45:20Z","mfaAuthenticated":"false"}},"invokedBy":"health.amazonaws.com"},"eventTime":"2023-08-26T20:31:47Z","eventSource":"health.amazonaws.com","eventName":"DescribeEventAggregates","awsRegion":"us-east-1","sourceIPAddress":"health.amazonaws.com","userAgent":"AWS Internal","requestParameters":{"filter":{"startTimes":[{"from":"Aug 19, 2023, 8:31:47 PM"}],"eventStatusCodes":["open","upcoming"]},"aggregateField":"eventTypeCategory"},"responseElements":null,"requestID":"5228ef98-7ce9-4a99-8f40-2b4b598bd3c5","eventID":"814a809e-8dd4-4d7d-9eaa-5f422d9fa988","readOnly":true,"eventType":"AwsApiCall","managementEvent":true,"recipientAccountId":"107513503799","eventCategory":"Management","sessionCredentialFromConsole":"true"},{"eventVersion":"1.08","userIdentity":{"type":"Root","principalId":"107513503799","arn":"arn:aws:iam::107513503799:root","accountId":"107513503799","accessKeyId":"ASIARSCCN4A35JJTVQPE","sessionContext":{"sessionIssuer":{},"webIdFederationData":{},"attributes":{"creationDate":"2023-08-26T18:45:20Z","mfaAuthenticated":"false"}}},"eventTime":"2023-08-26T20:31:46Z","eventSource":"notifications.amazonaws.com","eventName":"ListNotificationHubs","awsRegion":"us-east-1","sourceIPAddress":"84.32.71.8","userAgent":"Mozilla/5.0 (Windows NT 10.0; Win64; x64) AppleWebKit/537.36 (KHTML, like Gecko) Chrome/116.0.0.0 Safari/537.36","requestParameters":null,"responseElements":null,"requestID":"4a7f911a-8052-4293-891b-d3f2cb8f1b03","eventID":"ddddcbf3-a509-45bc-8cad-a8ccbc65a021","readOnly":true,"eventType":"AwsApiCall","managementEvent":true,"recipientAccountId":"107513503799","eventCategory":"Management"},{"eventVersion":"1.08","userIdentity":{"type":"Root","principalId":"107513503799","arn":"arn:aws:iam::107513503799:root","accountId":"107513503799","accessKeyId":"ASIARSCCN4A3RHS46IWO","sessionContext":{"sessionIssuer":{},"webIdFederationData":{},"attributes":{"creationDate":"2023-08-26T18:45:20Z","mfaAuthenticated":"false"}}},"eventTime":"2023-08-26T20:31:54Z","eventSource":"health.amazonaws.com","eventName":"DescribeEventAggregates","awsRegion":"us-east-1","sourceIPAddress":"84.32.71.36","userAgent":"AWS Internal","requestParameters":{"aggregateField":"eventTypeCategory","filter":{"eventStatusCodes":["open","upcoming"],"startTimes":[{"from":"Aug 19, 2023 8:31:54 PM"}]}},"responseElements":null,"requestID":"55bdd40d-6420-4f0f-a1c8-862cef3e36b1","eventID":"7e8bf0c1-ad93-4d4d-b07d-7aa0c65982a0","readOnly":true,"eventType":"AwsApiCall","managementEvent":true,"recipientAccountId":"107513503799","eventCategory":"Management","sessionCredentialFromConsole":"true"},{"eventVersion":"1.08","userIdentity":{"type":"Root","principalId":"107513503799","arn":"arn:aws:iam::107513503799:root","accountId":"107513503799","accessKeyId":"ASIARSCCN4A3URMYLF7Y","sessionContext":{"sessionIssuer":{},"webIdFederationData":{},"attributes":{"creationDate":"2023-08-26T18:45:20Z","mfaAuthenticated":"false"}}},"eventTime":"2023-08-26T20:31:53Z","eventSource":"notifications.amazonaws.com","eventName":"ListNotificationHubs","awsRegion":"us-east-1","sourceIPAddress":"84.32.71.8","userAgent":"Mozilla/5.0 (Windows NT 10.0; Win64; x64) AppleWebKit/537.36 (KHTML, like Gecko) Chrome/116.0.0.0 Safari/537.36","requestParameters":null,"responseElements":null,"requestID":"111aa652-11f4-41d6-a4ba-350b0a2a9762","eventID":"0fa8e4dc-d20f-4640-affd-f13a7bedf313","readOnly":true,"eventType":"AwsApiCall","managementEvent":true,"recipientAccountId":"107513503799","eventCategory":"Management"},{"eventVersion":"1.08","userIdentity":{"type":"Root","principalId":"107513503799","arn":"arn:aws:iam::107513503799:root","accountId":"107513503799","accessKeyId":"ASIARSCCN4A3RHS46IWO","sessionContext":{"sessionIssuer":{},"webIdFederationData":{},"attributes":{"creationDate":"2023-08-26T18:45:20Z","mfaAuthenticated":"false"}}},"eventTime":"2023-08-26T20:32:17Z","eventSource":"health.amazonaws.com","eventName":"DescribeEventAggregates","awsRegion":"us-east-1","sourceIPAddress":"84.32.71.36","userAgent":"AWS Internal","requestParameters":{"aggregateField":"eventTypeCategory","filter":{"eventStatusCodes":["open","upcoming"],"startTimes":[{"from":"Aug 19, 2023 8:32:17 PM"}]}},"responseElements":null,"requestID":"266a063c-5e85-4c06-b36f-f4430992af2c","eventID":"97f983b7-53ea-43e9-8417-23a00840c4ff","readOnly":true,"eventType":"AwsApiCall","managementEvent":true,"recipientAccountId":"107513503799","eventCategory":"Management","sessionCredentialFromConsole":"true"},{"eventVersion":"1.08","userIdentity":{"type":"Root","principalId":"107513503799","arn":"arn:aws:iam::107513503799:root","accountId":"107513503799","accessKeyId":"ASIARSCCN4A3UJG7ANE7","sessionContext":{"sessionIssuer":{},"webIdFederationData":{},"attributes":{"creationDate":"2023-08-26T18:45:20Z","mfaAuthenticated":"false"}}},"eventTime":"2023-08-26T20:32:17Z","eventSource":"notifications.amazonaws.com","eventName":"ListNotificationHubs","awsRegion":"us-east-1","sourceIPAddress":"84.32.71.8","userAgent":"Mozilla/5.0 (Windows NT 10.0; Win64; x64) AppleWebKit/537.36 (KHTML, like Gecko) Chrome/116.0.0.0 Safari/537.36","requestParameters":null,"responseElements":null,"requestID":"b35fd3cc-bb60-4189-a067-998607790f15","eventID":"0eef46bf-9686-4171-bb1a-4c9977fe46cd","readOnly":true,"eventType":"AwsApiCall","managementEvent":true,"recipientAccountId":"107513503799","eventCategory":"Management"}]}